Class,Precision,Recall,F1-Score,Support
backdoor,0.0,0.0,0.0,3999
dos,0.0,0.0,0.0,4000
injection,0.0,0.0,0.0,4000
mitm,0.0095348602562809,0.9043062200956937,0.018870750336977684,209
normal,0.0,0.0,0.0,9997
password,0.2712288754433549,0.9752438109527382,0.4244205027750571,3999
scanning,0.0,0.0,0.0,3997
xss,0.0,0.0,0.0,4000
