Class,Precision,Recall,F1-Score,Support
backdoor,0.7118735405065565,0.9909977494373593,0.8285594814969685,3999
dos,0.8657876147869084,0.91925,0.8917182005577786,4000
injection,0.2076271186440678,0.01225,0.023135033050047216,4000
mitm,0.0,0.0,0.0,209
normal,0.787125557680051,0.988296488946684,0.8763138054902656,9997
password,0.4309913094712034,0.7316829207301826,0.5424545791620319,3999
scanning,0.6744282744282745,0.8116087065298975,0.7366867264675826,3997
xss,0.0,0.0,0.0,4000
